{
  "T1": {
    "total_time": 145.31516456604004
  },
  "T2": {
    "total_time": 15.975797414779663
  },
  "T3": {
    "total_time": 185.09694123268127
  }
}