{
  "Zone A": {
    "total_time": 1161.9980914592743
  },
  "Contr\u00f4le Pi\u00e8ces": {
    "total_time": 0
  },
  "T2": {
    "total_time": 125.39246559143066
  },
  "Zone B": {
    "total_time": 541.0444669723511
  },
  "Ligne": {
    "total_time": 0
  }
}