{
  "Zone A": {
    "total_time": 944.3289437294006
  },
  "Contr\u00f4le Pi\u00e8ces": {
    "total_time": 0
  },
  "T2": {
    "total_time": 125.39246559143066
  },
  "Z2": {
    "total_time": 1414.3282659053802
  },
  "de": {
    "total_time": 1577.214263677597
  },
  "sdf": {
    "total_time": 1502.3221101760864
  },
  "aze": {
    "total_time": 623.1397891044617
  },
  "po": {
    "total_time": 934.0806584358215
  }
}