{
  "Zone A": {
    "total_time": 935.7741694450378
  },
  "Contr\u00f4le Pi\u00e8ces": {
    "total_time": 0
  },
  "Zone  B": {
    "total_time": 300.94559359550476
  },
  "T2": {
    "total_time": 125.39246559143066
  }
}