{
  "T2": {
    "total_time": 245.65034461021423
  },
  "T1": {
    "total_time": 1083.5807394981384
  }
}