{
  "Zone A": {
    "total_time": 944.3289437294006
  },
  "Contr\u00f4le Pi\u00e8ces": {
    "total_time": 0
  },
  "Zone  B": {
    "total_time": 310.39501762390137
  },
  "T2": {
    "total_time": 125.39246559143066
  }
}