{
  "Zone A": {
    "total_time": 1014.6764159202576
  },
  "Contr\u00f4le Pi\u00e8ces": {
    "total_time": 0
  },
  "T2": {
    "total_time": 125.39246559143066
  }
}