{
  "T2": {
    "total_time": 259.1260449886322
  },
  "T1": {
    "total_time": 1087.880175113678
  },
  "lm": {
    "total_time": 4.233471870422363
  },
  "c2": {
    "total_time": 0
  },
  "bt1": {
    "total_time": 6.0
  },
  "sd": {
    "total_time": 0
  },
  "aff": {
    "total_time": 0
  }
}