{
  "Zone A": {
    "total_time": 1193.2932832241058
  },
  "Contr\u00f4le Pi\u00e8ces": {
    "total_time": 0
  },
  "T2": {
    "total_time": 237.96973395347595
  },
  "Zone B": {
    "total_time": 688.9448070526123
  },
  "Z2": {
    "total_time": 51.49583888053894
  },
  "de": {
    "total_time": 13.49596905708313
  }
}