{
  "Zone A": {
    "total_time": 933.4893724918365
  },
  "Contr\u00f4le Pi\u00e8ces": {
    "total_time": 0
  },
  "Zone  B": {
    "total_time": 298.97086095809937
  },
  "T2": {
    "total_time": 125.39246559143066
  }
}