{
  "Zone A": {
    "total_time": 3460.079185962677
  },
  "Contr\u00f4le Pi\u00e8ces": {
    "total_time": 0
  },
  "T2": {
    "total_time": 125.39246559143066
  },
  "Zone B": {
    "total_time": 7361.90497636795
  },
  "Zone C": {
    "total_time": 72.76107001304626
  }
}