{
  "Zone A": {
    "total_time": 786.1449689865112
  },
  "Contr\u00f4le Pi\u00e8ces": {
    "total_time": 0
  },
  "Zone  B": {
    "total_time": 255.60115432739258
  },
  "Ligne": {
    "total_time": 0
  }
}